,Site,Elev_km,Year,D13C_permil (Exact Gridpoint),D13C_permil (3 Gridsquare),Tair_degC,CO2_ppm,VPD_kPa,Obs,,,,,,,,
1,Maentwrog,0.04,1979,21.11515999,21.21505695,14.02134705,338.6653442,0.434389496,21.02567391,,,,,,,,
2,Maentwrog,0.04,1980,21.23091698,21.28994825,14.03266907,338.6653442,0.381288467,21.0610254,,,,,,,,
3,Maentwrog,0.04,1981,21.24030685,21.12133927,14.50799561,339.8708801,0.41127861,20.96498043,,,,,,,,
4,Maentwrog,0.04,1982,21.0144558,21.11802366,14.88650513,340.6261902,0.443207535,20.83791536,,,,,,,,
5,Maentwrog,0.04,1983,20.8884449,21.1480945,17.32952881,342.3104248,0.586511566,20.39479357,,,,,,,,
6,Maentwrog,0.04,1984,20.86655617,21.09058984,15.92401123,343.8530579,0.58275061,20.7377395,,,,,,,,
7,Maentwrog,0.04,1985,21.47690582,21.07046721,13.78115845,345.3340759,0.36105481,21.91586012,,,,,,,,
8,Maentwrog,0.04,1986,21.14351082,21.07020283,13.13693237,346.7363281,0.399749313,21.53753285,,,,,,,,
9,Maentwrog,0.04,1987,21.14329052,21.19741482,14.31689453,348.4817505,0.42030098,21.13217018,,,,,,,,
10,Maentwrog,0.04,1988,21.36068439,21.14550209,13.45877075,351.0187988,0.422641235,22.17622191,,,,,,,,
11,Maentwrog,0.04,1989,20.80811882,21.02444606,15.74336243,352.6577454,0.579831024,22.31050071,,,,,,,,
12,Maentwrog,0.04,1990,20.83013725,21.14161502,16.10266113,353.8455505,0.564677277,22.06278729,,,,,,,,
13,Maentwrog,0.04,1991,21.23709583,21.06197135,15.36920166,355.1500854,0.458375793,21.9961175,,,,,,,,
14,Maentwrog,0.04,1992,21.15375614,21.21642982,14.05267334,355.8583374,0.448769104,22.21977872,,,,,,,,
15,Maentwrog,0.04,1993,21.0849905,21.28724967,13.30207825,356.565155,0.411449753,22.11104729,,,,,,,,
16,Maentwrog,0.04,1994,20.91630745,21.23501905,14.67190552,358.0736389,0.527050476,21.91935562,,,,,,,,
17,Maentwrog,0.04,1995,20.55927753,21.3082553,17.41923523,359.8971252,0.695675171,21.38231802,,,,,,,,
18,Maentwrog,0.04,1996,21.15681648,21.21605682,14.66246033,361.6521912,0.525800964,21.59567917,,,,,,,,
19,Maentwrog,0.04,1997,21.41595554,21.39684984,15.91941833,362.7540283,0.503155869,21.55384512,,,,,,,,
20,Maentwrog,0.04,1998,21.14441586,21.33943409,14.02267456,365.3913879,0.427329788,22.22469031,,,,,,,,
21,Maentwrog,0.04,1999,20.97894001,21.18444475,15.22610474,367.4978638,0.496867538,21.23847208,,,,,,,,
22,Maentwrog,0.04,2000,21.43069839,21.13504876,14.67051697,368.7028198,0.452287964,21.62753396,,,,,,,,
23,Maentwrog,0.04,2001,21.43001652,21.12107012,14.34599304,370.2720642,0.467003525,21.63420157,,,,,,,,
24,Maentwrog,0.04,2002,21.54414177,21.26322322,13.98730469,372.2810974,0.403964066,21.29860818,,,,,,,,
25,Maentwrog,0.04,2003,21.10785484,21.25212415,16.03309631,374.8222046,0.526179153,20.36061866,,,,,,,,
26,Maentwrog,0.04,2004,21.4635601,21.39857366,15.05137634,376.6405029,0.441141983,20.99723068,,,,,,,,
27,Maentwrog,0.04,2005,21.09144878,21.24608517,15.16995239,378.6688843,0.467694916,20.66316592,,,,,,,,
28,Maentwrog,0.04,2006,21.04621124,21.33988063,16.5186615,380.7958679,0.575926559,20.84889487,,,,,,,,
29,Maentwrog,0.04,2007,21.4898901,21.29853556,14.02693176,382.5254822,0.417712265,21.28922483,,,,,,,,
30,Maentwrog,0.04,2008,21.80112934,21.20896064,14.93399048,384.6410522,0.394222931,21.41112755,,,,,,,,
31,Maentwrog,0.04,2009,21.71273518,21.07430426,14.80393982,386.1344604,0.422135498,20.34982497,,,,,,,,
32,Maentwrog,0.04,2010,21.45436573,21.12238492,14.47817993,388.4158936,0.447187225,21.18299879,,,,,,,,
33,Maentwrog,0.04,2011,21.08530045,21.20685546,13.99697876,390.2927551,0.45233754,20.84501889,,,,,,,,
34,Maentwrog,0.04,2012,21.70337009,21.23349169,14.61843872,392.3015747,0.403363586,20.83888433,,,,,,,,
35,Maentwrog,0.04,2013,21.15194798,21.03621515,16.21885681,395.0367432,0.523513901,20.91591002,,,,,,,,
36,Maentwrog,0.04,2014,21.04957485,21.13686477,15.26107788,396.9614868,0.524330124,20.5333561,,,,,,,,
37,Maentwrog,0.04,2015,21.27995014,21.30068239,14.42588806,399.2627258,0.427346512,20.94544727,,,,,,,,
38,Maentwrog,0.04,2016,21.59012318,21.36951394,15.38354492,402.696991,0.456227585,21.2336914,,,,,,,,
39,Alice.Holt,0.107,1979,20.90781307,21.13242298,17.25569153,338.6653442,0.62841687,20.50385604,,,,,,,,
40,Alice.Holt,0.107,1980,21.39757347,21.23531331,16.90745544,338.6653442,0.542703979,20.37836726,,,,,,,,
41,Alice.Holt,0.107,1981,21.13126087,21.12833977,17.90615845,339.8708801,0.642694153,20.44194918,,,,,,,,
42,Alice.Holt,0.107,1982,21.06641102,21.31532616,18.11869812,340.6261902,0.641672424,20.90448953,,,,,,,,
43,Alice.Holt,0.107,1983,20.92681789,21.13650439,20.91020203,342.3104248,0.927175964,20.18114713,,,,,,,,
44,Alice.Holt,0.107,1984,20.82914162,21.04577933,18.8621521,343.8530579,0.832518555,20.10835484,,,,,,,,
45,Alice.Holt,0.107,1985,21.10337257,20.99117088,17.09289551,345.3340759,0.603858032,20.93750643,,,,,,,,
46,Alice.Holt,0.107,1986,20.89404583,21.01552751,17.28968811,346.7363281,0.604603027,20.6961817,,,,,,,,
47,Alice.Holt,0.107,1987,20.91598797,21.12162749,17.71888733,348.4817505,0.644864105,20.45538689,,,,,,,,
48,Alice.Holt,0.107,1988,21.23357105,21.08835072,16.72674561,351.0187988,0.600837036,20.81339959,,,,,,,,
49,Alice.Holt,0.107,1989,20.40878963,20.96919918,19.71037292,352.6577454,0.953467651,19.74407729,,,,,,,,
50,Alice.Holt,0.107,1990,20.3771801,21.00313388,19.90036011,353.8455505,0.999269958,19.52442608,,,,,,,,
51,Alice.Holt,0.107,1991,21.0156517,20.96411271,18.99343872,355.1500854,0.732451111,20.05901525,,,,,,,,
52,Alice.Holt,0.107,1992,21.3204174,21.13985284,18.00497437,355.8583374,0.596646576,19.95394453,,,,,,,,
53,Alice.Holt,0.107,1993,20.79453468,21.06550651,17.04470825,356.565155,0.641854553,20.14271613,,,,,,,,
54,Alice.Holt,0.107,1994,20.84891319,21.04112604,19.45013428,358.0736389,0.740918793,19.33627864,,,,,,,,
55,Alice.Holt,0.107,1995,20.35262489,21.28863176,21.54969788,359.8971252,1.056355255,19.13811701,,,,,,,,
56,Alice.Holt,0.107,1996,20.86298084,21.17459499,18.43138123,361.6521912,0.848986511,19.54718765,,,,,,,,
57,Alice.Holt,0.107,1997,21.52931023,21.25651921,19.77015686,362.7540283,0.826585144,20.22934129,,,,,,,,
58,Alice.Holt,0.107,1998,20.78723145,21.062644,17.6558075,365.3913879,0.756520782,19.68503937,,,,,,,,
59,Alice.Holt,0.107,1999,21.06984711,21.01982975,19.0879364,367.4978638,0.83084494,19.90581752,,,,,,,,
60,Alice.Holt,0.107,2000,21.16008186,20.9893873,18.01783752,368.7028198,0.718233002,20.07363074,,,,,,,,
61,Alice.Holt,0.107,2001,21.15274239,21.04402627,18.64099121,370.2720642,0.733865112,19.35052924,,,,,,,,
62,Alice.Holt,0.107,2002,21.35735893,21.20612484,18.07354736,372.2810974,0.669872528,19.87538044,,,,,,,,
63,Alice.Holt,0.107,2003,20.6821394,21.25683763,19.93333435,374.8222046,0.898159149,19.67698492,,,,,,,,
64,Alice.Holt,0.107,2004,21.21745014,21.28429932,18.62998962,376.6405029,0.731634583,19.86652819,,,,,,,,
65,Alice.Holt,0.107,2005,21.01666737,21.06807613,18.54273987,378.6688843,0.758575562,19.46857172,,,,,,,,
66,Alice.Holt,0.107,2006,20.76553154,21.16654788,20.11329651,380.7958679,0.895027191,19.18630343,,,,,,,,
67,Alice.Holt,0.107,2007,21.20645809,21.14315118,17.19032288,382.5254822,0.646481934,20.07776018,,,,,,,,
68,Alice.Holt,0.107,2008,21.45786953,21.15975465,17.76898193,384.6410522,0.757812561,20.0886658,,,,,,,,
69,Alice.Holt,0.107,2009,21.31592941,20.93300003,18.43223572,386.1344604,0.783833954,19.63788158,,,,,,,,
70,Alice.Holt,0.107,2010,21.07644463,20.99043348,18.67539978,388.4158936,0.796501709,19.77459227,,,,,,,,
71,Alice.Holt,0.107,2011,20.99480438,21.0784928,17.20080566,390.2927551,0.743872559,19.83792345,,,,,,,,
72,Alice.Holt,0.107,2012,21.47690487,21.09718376,17.86755371,392.3015747,0.718156799,19.83853551,,,,,,,,
73,Alice.Holt,0.107,2013,20.85378838,20.77434254,19.90794373,395.0367432,0.940320251,19.05309998,,,,,,,,
74,Alice.Holt,0.107,2014,20.97035789,20.79005782,18.79714966,396.9614868,0.778264252,19.08510704,,,,,,,,
75,Alice.Holt,0.107,2015,21.25410652,21.01815912,18.37504578,399.2627258,0.805087769,19.73528595,,,,,,,,
76,Alice.Holt,0.107,2016,21.09556675,21.16284921,19.07936096,402.696991,0.800785553,NA,,,,,,,,
77,Dartmoor,0.217,1979,21.3089304,21.41142356,16.43139648,338.6653442,0.480980011,21.09134668,,,,,,,,
78,Dartmoor,0.217,1980,21.42451382,21.40716517,15.80929565,338.6653442,0.437588867,20.70705886,,,,,,,,
79,Dartmoor,0.217,1981,21.34648228,21.35485601,17.20959473,339.8708801,0.490990265,20.20975987,,,,,,,,
80,Dartmoor,0.217,1982,21.22663879,21.37406766,16.67720032,340.6261902,0.494609161,20.37941465,,,,,,,,
81,Dartmoor,0.217,1983,20.94380093,21.29253376,20.56942749,342.3104248,0.774506927,19.52284046,,,,,,,,
82,Dartmoor,0.217,1984,21.14864063,21.2787993,18.41964722,343.8530579,0.634182037,19.70490226,,,,,,,,
83,Dartmoor,0.217,1985,21.45083237,21.18411458,16.09107971,345.3340759,0.481730011,20.40130773,,,,,,,,
84,Dartmoor,0.217,1986,21.43479443,21.20828676,15.4611969,346.7363281,0.422813751,20.64228834,,,,,,,,
85,Dartmoor,0.217,1987,21.15167713,21.31325185,17.19046021,348.4817505,0.524881622,20.42397395,,,,,,,,
86,Dartmoor,0.217,1988,21.48351288,21.31713498,15.18121338,351.0187988,0.457073837,20.5033194,,,,,,,,
87,Dartmoor,0.217,1989,20.81901741,21.18935561,19.14854431,352.6577454,0.68799823,19.89069193,,,,,,,,
88,Dartmoor,0.217,1990,20.94324875,21.12753475,18.51673889,353.8455505,0.732430481,20.20292592,,,,,,,,
89,Dartmoor,0.217,1991,21.45978355,21.15382421,17.25511169,355.1500854,0.528812164,20.9394075,,,,,,,,
90,Dartmoor,0.217,1992,21.5223856,21.30253208,16.46681213,355.8583374,0.478903412,20.68506344,,,,,,,,
91,Dartmoor,0.217,1993,21.23745346,21.12714922,15.73606873,356.565155,0.504414307,20.31225062,,,,,,,,
92,Dartmoor,0.217,1994,21.31258774,21.31516314,17.25038147,358.0736389,0.598943665,20.36611492,,,,,,,,
93,Dartmoor,0.217,1995,20.68752575,21.49415672,20.05662537,359.8971252,0.800237671,19.74989361,,,,,,,,
94,Dartmoor,0.217,1996,21.08756351,21.41623116,17.31530762,361.6521912,0.647291992,20.66551445,,,,,,,,
95,Dartmoor,0.217,1997,21.74903297,21.58643007,18.32330322,362.7540283,0.595258881,20.24487029,,,,,,,,
96,Dartmoor,0.217,1998,21.2677002,21.42461336,16.09654236,365.3913879,0.530222672,20.62114906,,,,,,,,
97,Dartmoor,0.217,1999,21.31054688,21.33029997,17.93556213,367.4978638,0.592400146,20.06992426,,,,,,,,
98,Dartmoor,0.217,2000,21.45724773,21.26913512,17.10391235,368.7028198,0.544053207,20.46757937,,,,,,,,
99,Dartmoor,0.217,2001,21.43695927,21.29487777,17.01148987,370.2720642,0.537492065,20.21169652,,,,,,,,
100,Dartmoor,0.217,2002,21.48142624,21.41467166,16.15193176,372.2810974,0.474687363,19.53335553,,,,,,,,
101,Dartmoor,0.217,2003,21.14972973,21.39718139,18.53401184,374.8222046,0.619082092,19.88577608,,,,,,,,
102,Dartmoor,0.217,2004,21.51127815,21.4536078,17.04266357,376.6405029,0.516022797,20.27513204,,,,,,,,
103,Dartmoor,0.217,2005,21.22370815,21.24796784,17.40641785,378.6688843,0.569381073,19.82268192,,,,,,,,
104,Dartmoor,0.217,2006,21.08610725,21.32464337,18.66439819,380.7958679,0.678436066,19.73772826,,,,,,,,
105,Dartmoor,0.217,2007,21.44613838,21.33550739,15.8527832,382.5254822,0.490122925,20.18563194,,,,,,,,
106,Dartmoor,0.217,2008,21.84223461,21.39138925,16.8235321,384.6410522,0.504410202,20.41978258,,,,,,,,
107,Dartmoor,0.217,2009,21.67186356,21.14910662,16.76330566,386.1344604,0.506046173,20.13784117,,,,,,,,
108,Dartmoor,0.217,2010,21.54769135,21.06396425,17.03526306,388.4158936,0.544605988,20.51260977,,,,,,,,
109,Dartmoor,0.217,2011,21.19353104,21.19177163,16.1837616,390.2927551,0.531865204,19.89686975,,,,,,,,
110,Dartmoor,0.217,2012,21.75510883,21.2914958,16.68778992,392.3015747,0.494328018,20.23634042,,,,,,,,
111,Dartmoor,0.217,2013,21.13264942,21.14377987,18.65464783,395.0367432,0.712694794,19.78076374,,,,,,,,
112,Dartmoor,0.217,2014,21.08318329,21.1030966,17.38980103,396.9614868,0.611585846,19.93235149,,,,,,,,
113,Dartmoor,0.217,2015,21.37194347,21.31044543,16.79177856,399.2627258,0.518204941,19.67733047,,,,,,,,
114,Dartmoor,0.217,2016,21.41707611,21.46780312,17.83718872,402.696991,0.578047302,NA,,,,,,,,
115,Sandringham.Park,0.038,1979,20.50132275,20.86041045,16.27903748,338.6653442,0.499459976,21.10596732,,,,,,,,
116,Sandringham.Park,0.038,1980,20.91688728,20.91360855,15.55682373,338.6653442,0.461471497,21.34652522,,,,,,,,
117,Sandringham.Park,0.038,1981,20.64937878,20.7936126,16.95861816,339.8708801,0.529338669,21.05076741,,,,,,,,
118,Sandringham.Park,0.038,1982,20.7963295,20.9113096,16.822052,340.6261902,0.526300354,21.14193202,,,,,,,,
119,Sandringham.Park,0.038,1983,20.6942625,20.87075675,19.17895508,342.3104248,0.754306641,20.16213754,,,,,,,,
120,Sandringham.Park,0.038,1984,20.68957043,20.80451095,17.26443481,343.8530579,0.67823761,19.78985725,,,,,,,,
121,Sandringham.Park,0.038,1985,20.73479939,20.78497541,15.73660278,345.3340759,0.489513214,20.43930288,,,,,,,,
122,Sandringham.Park,0.038,1986,20.45509148,20.72942257,15.65487671,346.7363281,0.518398621,20.27195171,,,,,,,,
123,Sandringham.Park,0.038,1987,20.82417202,20.81037021,16.10365295,348.4817505,0.458295151,20.39798452,,,,,,,,
124,Sandringham.Park,0.038,1988,20.70907021,20.89146042,15.80249023,351.0187988,0.489037003,21.12652321,,,,,,,,
125,Sandringham.Park,0.038,1989,20.19762325,20.72866392,18.14480591,352.6577454,0.795047821,20.19495743,,,,,,,,
126,Sandringham.Park,0.038,1990,20.10811901,20.75939155,19.02775574,353.8455505,0.872402618,19.82034627,,,,,,,,
127,Sandringham.Park,0.038,1991,20.5131712,20.8502804,18.79801941,355.1500854,0.69271994,20.00267353,,,,,,,,
128,Sandringham.Park,0.038,1992,20.73552513,20.83177638,16.74516296,355.8583374,0.569526962,20.39971509,,,,,,,,
129,Sandringham.Park,0.038,1993,20.59076595,20.77206099,15.17379761,356.565155,0.559319244,20.43075363,,,,,,,,
130,Sandringham.Park,0.038,1994,20.38254833,20.73625362,18.26719666,358.0736389,0.723850983,19.97799602,,,,,,,,
131,Sandringham.Park,0.038,1995,20.10336685,20.91519177,20.62095642,359.8971252,0.944337799,19.63518196,,,,,,,,
132,Sandringham.Park,0.038,1996,20.45186329,20.92977166,17.58132935,361.6521912,0.717295441,19.49781216,,,,,,,,
133,Sandringham.Park,0.038,1997,21.00936413,20.91354334,18.44618225,362.7540283,0.722265656,20.31494029,,,,,,,,
134,Sandringham.Park,0.038,1998,20.47301865,20.72742927,16.16299438,365.3913879,0.618724396,20.93308026,,,,,,,,
135,Sandringham.Park,0.038,1999,20.70957184,20.69224811,17.62181091,367.4978638,0.698569641,20.825482,,,,,,,,
136,Sandringham.Park,0.038,2000,20.86754894,20.65978527,16.26541138,368.7028198,0.56402301,21.07247402,,,,,,,,
137,Sandringham.Park,0.038,2001,20.99553585,20.75032806,17.71533203,370.2720642,0.647803101,21.43103937,,,,,,,,
138,Sandringham.Park,0.038,2002,21.29522896,20.95420408,16.92631531,372.2810974,0.585169678,21.11646349,,,,,,,,
139,Sandringham.Park,0.038,2003,20.52014256,21.09519517,18.68955994,374.8222046,0.777206879,21.02027704,,,,,,,,
140,Sandringham.Park,0.038,2004,21.12668133,21.07458806,17.44773865,376.6405029,0.606625977,21.18689179,,,,,,,,
141,Sandringham.Park,0.038,2005,20.70299911,20.87190402,17.33677673,378.6688843,0.608189514,21.52039776,,,,,,,,
142,Sandringham.Park,0.038,2006,20.64619446,20.84344625,18.92852783,380.7958679,0.800012207,20.5945867,,,,,,,,
143,Sandringham.Park,0.038,2007,20.93563461,20.93099511,16.40037537,382.5254822,0.578510376,21.13689746,,,,,,,,
144,Sandringham.Park,0.038,2008,21.03967285,20.93898475,17.10079956,384.6410522,0.568919006,21.0858154,,,,,,,,
145,Sandringham.Park,0.038,2009,20.76663017,20.71113026,17.68351746,386.1344604,0.677166534,20.72765404,,,,,,,,
146,Sandringham.Park,0.038,2010,20.6774292,20.86353028,17.64579773,388.4158936,0.65540033,20.64859028,,,,,,,,
147,Sandringham.Park,0.038,2011,20.59905148,20.92672348,16.5085144,390.2927551,0.620341614,21.06166855,,,,,,,,
148,Sandringham.Park,0.038,2012,21.22465324,20.71973073,16.87625122,392.3015747,0.580065948,20.79534414,,,,,,,,
149,Sandringham.Park,0.038,2013,20.61937904,20.51056385,19.11499023,395.0367432,0.749993317,20.0889102,,,,,,,,
150,Sandringham.Park,0.038,2014,20.70260334,20.63400888,17.72146606,396.9614868,0.711483002,20.43000528,,,,,,,,
151,Sandringham.Park,0.038,2015,20.65674782,20.75710511,17.38458252,399.2627258,0.680989288,20.8079162,,,,,,,,
152,Sandringham.Park,0.038,2016,20.73983192,20.89259315,17.72982788,402.696991,0.650288086,NA,,,,,,,,
153,Tomich,0.184,1979,22.06779671,21.94088682,12.49717712,338.6653442,0.362698822,21.3827174,,,,,,,,
154,Tomich,0.184,1980,22.01285458,21.98493682,12.798172,338.6653442,0.34554805,21.63163777,,,,,,,,
155,Tomich,0.184,1981,22.19479847,21.906648,13.16662598,339.8708801,0.45447258,21.20470868,,,,,,,,
156,Tomich,0.184,1982,22.02787399,21.83314217,13.70220947,340.6261902,0.427123123,20.8088185,,,,,,,,
157,Tomich,0.184,1983,21.94776726,21.86941666,15.2988739,342.3104248,0.449090683,20.80416166,,,,,,,,
158,Tomich,0.184,1984,21.53053761,21.9256294,14.40258789,343.8530579,0.502966644,20.51599221,,,,,,,,
159,Tomich,0.184,1985,22.66867256,21.94063155,12.27946472,345.3340759,0.397487244,21.34223262,,,,,,,,
160,Tomich,0.184,1986,21.6639595,21.82555654,11.75091553,346.7363281,0.403973083,21.47419167,,,,,,,,
161,Tomich,0.184,1987,22.13069057,21.87226571,12.87687683,348.4817505,0.388988998,20.82829181,,,,,,,,
162,Tomich,0.184,1988,22.57395458,21.85268052,12.4556427,351.0187988,0.393869568,21.26072638,,,,,,,,
163,Tomich,0.184,1989,21.97101212,21.84594917,13.90344238,352.6577454,0.473667664,21.26797519,,,,,,,,
164,Tomich,0.184,1990,21.95462036,21.83949174,13.64685059,353.8455505,0.454727249,20.90838106,,,,,,,,
165,Tomich,0.184,1991,21.99931717,21.77161333,14.31262207,355.1500854,0.455541672,21.10454914,,,,,,,,
166,Tomich,0.184,1992,22.18762493,21.86754153,12.522995,355.8583374,0.463580688,20.94472463,,,,,,,,
167,Tomich,0.184,1993,22.23954391,22.02725357,12.31245422,356.565155,0.418920731,21.31413541,,,,,,,,
168,Tomich,0.184,1994,21.61816788,21.83075566,13.32498169,358.0736389,0.449224884,21.00646775,,,,,,,,
169,Tomich,0.184,1995,21.59331131,21.82207097,14.71934509,359.8971252,0.522510284,20.13320365,,,,,,,,
170,Tomich,0.184,1996,21.97642899,21.91273562,13.28863525,361.6521912,0.446681213,20.78567788,,,,,,,,
171,Tomich,0.184,1997,21.98262405,22.29599486,14.7651062,362.7540283,0.4670495,20.92866679,,,,,,,,
172,Tomich,0.184,1998,22.45639992,22.30824979,12.82460022,365.3913879,0.42238295,21.3425868,,,,,,,,
173,Tomich,0.184,1999,21.82242393,22.07692676,13.40670776,367.4978638,0.483859009,21.0389459,,,,,,,,
174,Tomich,0.184,2000,21.96783733,21.81326506,13.3167572,368.7028198,0.426222565,20.91856901,,,,,,,,
175,Tomich,0.184,2001,22.26526451,21.65601444,13.17602539,370.2720642,0.429339722,21.56588122,,,,,,,,
176,Tomich,0.184,2002,22.33556271,21.76466804,13.17805481,372.2810974,0.420013336,21.16732639,,,,,,,,
177,Tomich,0.184,2003,21.72398663,21.84387864,15.10739136,374.8222046,0.526945892,21.13408284,,,,,,,,
178,Tomich,0.184,2004,22.16957283,21.91792732,14.07450867,376.6405029,0.449427475,21.23615345,,,,,,,,
179,Tomich,0.184,2005,21.94756031,21.95357969,13.84870911,378.6688843,0.452009674,21.8176438,,,,,,,,
180,Tomich,0.184,2006,22.10466003,22.09018559,14.87649536,380.7958679,0.499634155,21.16590138,,,,,,,,
181,Tomich,0.184,2007,22.34877586,22.10948043,13.45246887,382.5254822,0.421601776,21.28811151,,,,,,,,
182,Tomich,0.184,2008,22.21274567,22.08222728,14.26069641,384.6410522,0.413054703,21.13039297,,,,,,,,
183,Tomich,0.184,2009,22.53305149,21.94713455,14.15393066,386.1344604,0.468854492,21.39742651,,,,,,,,
184,Tomich,0.184,2010,22.51666069,21.95050663,13.27706909,388.4158936,0.450287109,21.56416227,,,,,,,,
185,Tomich,0.184,2011,21.95445728,21.93933286,13.0282135,390.2927551,0.43704599,21.19031391,,,,,,,,
186,Tomich,0.184,2012,22.06360912,21.98622057,13.51831055,392.3015747,0.420350357,21.91963158,,,,,,,,
187,Tomich,0.184,2013,22.05023766,21.7457908,14.95535278,395.0367432,0.463628342,21.94662532,,,,,,,,
188,Tomich,0.184,2014,22.07486343,21.88699055,14.01248169,396.9614868,0.493918259,21.47477363,,,,,,,,
189,Tomich,0.184,2015,21.99544811,21.92923715,12.80537415,399.2627258,0.428744781,NA,,,,,,,,
190,Tomich,0.184,2016,22.49250793,22.03956106,13.58203125,402.696991,0.441895935,NA,,,,,,,,
191,Mill.Haft,0.108,1979,20.96158123,21.20127222,16.45378113,338.6653442,0.563605377,20.58288714,,,,,,,,
192,Mill.Haft,0.108,1980,21.29646587,21.30339209,16.0640564,338.6653442,0.485432709,21.97159743,,,,,,,,
193,Mill.Haft,0.108,1981,21.14972591,21.10055881,16.94125366,339.8708801,0.589649231,21.32870816,,,,,,,,
194,Mill.Haft,0.108,1982,21.13906384,21.1399498,16.82254028,340.6261902,0.584232819,20.71796687,,,,,,,,
195,Mill.Haft,0.108,1983,20.82072639,21.16858207,19.83302307,342.3104248,0.769802643,20.11756358,,,,,,,,
196,Mill.Haft,0.108,1984,20.87882614,21.09024334,18.41358948,343.8530579,0.745890472,20.21782281,,,,,,,,
197,Mill.Haft,0.108,1985,21.27206612,21.05463918,15.9631958,345.3340759,0.518600021,21.79582323,,,,,,,,
198,Mill.Haft,0.108,1986,20.98557091,20.99766064,15.38642883,346.7363281,0.518201752,21.26437409,,,,,,,,
199,Mill.Haft,0.108,1987,21.0407114,21.16804822,16.40830994,348.4817505,0.513239456,22.0261572,,,,,,,,
200,Mill.Haft,0.108,1988,21.27043533,21.15989007,15.42967224,351.0187988,0.521438599,21.26665066,,,,,,,,
201,Mill.Haft,0.108,1989,20.64979649,21.03168043,18.05815125,352.6577454,0.786065002,19.97097484,,,,,,,,
202,Mill.Haft,0.108,1990,20.62056065,21.09273169,18.50213623,353.8455505,0.825038147,20.04786973,,,,,,,,
203,Mill.Haft,0.108,1991,21.15468502,21.01423952,17.80693054,355.1500854,0.675269165,20.41827775,,,,,,,,
204,Mill.Haft,0.108,1992,21.15381145,21.17173576,16.15415955,355.8583374,0.610697205,20.59231309,,,,,,,,
205,Mill.Haft,0.108,1993,21.08891773,21.22475613,15.32778931,356.565155,0.558905457,20.03035987,,,,,,,,
206,Mill.Haft,0.108,1994,20.76693821,21.18632793,17.37423706,358.0736389,0.702221527,19.67925105,,,,,,,,
207,Mill.Haft,0.108,1995,20.35839939,21.28610547,20.63024902,359.8971252,0.94294632,19.23902277,,,,,,,,
208,Mill.Haft,0.108,1996,20.97753429,21.21814325,17.22441101,361.6521912,0.718484039,20.12000207,,,,,,,,
209,Mill.Haft,0.108,1997,21.35398483,21.36460516,18.50743103,362.7540283,0.693427216,20.01101224,,,,,,,,
210,Mill.Haft,0.108,1998,21.11215687,21.25277424,16.14344788,365.3913879,0.605710724,20.4081345,,,,,,,,
211,Mill.Haft,0.108,1999,21.07377815,21.11697229,17.62963867,367.4978638,0.685088684,20.40666493,,,,,,,,
212,Mill.Haft,0.108,2000,21.37013817,21.09353553,16.78833008,368.7028198,0.625720886,20.43290786,,,,,,,,
213,Mill.Haft,0.108,2001,21.29568958,21.08791478,17.36694336,370.2720642,0.616515411,20.04538088,,,,,,,,
214,Mill.Haft,0.108,2002,21.57142639,21.27261522,16.70094299,372.2810974,0.569490509,19.90880474,,,,,,,,
215,Mill.Haft,0.108,2003,20.98765373,21.28560034,18.62254333,374.8222046,0.741104034,20.17765301,,,,,,,,
216,Mill.Haft,0.108,2004,21.4505167,21.41313871,17.19750977,376.6405029,0.614299103,20.19227785,,,,,,,,
217,Mill.Haft,0.108,2005,20.96998215,21.22519822,17.52232361,378.6688843,0.648302673,20.21479391,,,,,,,,
218,Mill.Haft,0.108,2006,20.88169003,21.30758434,18.95419312,380.7958679,0.765407074,19.94150149,,,,,,,,
219,Mill.Haft,0.108,2007,21.46994877,21.26059384,16.45623779,382.5254822,0.594766571,20.30910122,,,,,,,,
220,Mill.Haft,0.108,2008,21.66743279,21.22024632,16.95082092,384.6410522,0.563434052,20.7620768,,,,,,,,
221,Mill.Haft,0.108,2009,21.59625435,21.04923619,17.11071777,386.1344604,0.627245209,19.5070978,,,,,,,,
222,Mill.Haft,0.108,2010,21.3601923,21.13690281,17.25143433,388.4158936,0.635737396,20.12968799,,,,,,,,
223,Mill.Haft,0.108,2011,21.00577545,21.17268266,16.56155396,390.2927551,0.618873962,20.00988071,,,,,,,,
224,Mill.Haft,0.108,2012,21.71038532,21.16917366,16.66439819,392.3015747,0.547803467,20.41581038,,,,,,,,
225,Mill.Haft,0.108,2013,21.09686089,20.91426108,18.74327087,395.0367432,0.735792023,20.17082791,,,,,,,,
226,Mill.Haft,0.108,2014,21.09027195,21.03512499,17.88859558,396.9614868,0.700088684,20.54410381,,,,,,,,
227,Mill.Haft,0.108,2015,21.16334152,21.22307873,16.84994507,399.2627258,0.606716949,NA,,,,,,,,
228,Mill.Haft,0.108,2016,21.40651512,21.3434551,17.67132568,402.696991,0.639474182,NA,,,,,,,,
229,Aviemore,0.3,1979,21.75051498,21.87649504,12.55818176,338.6653442,0.417860291,23.50332594,,,,,,,,
230,Aviemore,0.3,1980,21.90769768,21.87978999,12.85253906,338.6653442,0.397823486,22.55468661,,,,,,,,
231,Aviemore,0.3,1981,21.74254608,21.76510217,13.46601868,339.8708801,0.511032303,21.60798847,,,,,,,,
232,Aviemore,0.3,1982,21.75119305,21.70680279,13.74111938,340.6261902,0.499710785,21.81904301,,,,,,,,
233,Aviemore,0.3,1983,21.43625641,21.73407883,15.48460388,342.3104248,0.507471527,21.71473286,,,,,,,,
234,Aviemore,0.3,1984,21.3433733,21.78210873,14.68933105,343.8530579,0.568008362,20.8744856,,,,,,,,
235,Aviemore,0.3,1985,22.32882214,21.75328986,12.2048645,345.3340759,0.458041397,22.66309389,,,,,,,,
236,Aviemore,0.3,1986,21.494977,21.69357607,11.69819641,346.7363281,0.457484116,23.08509212,,,,,,,,
237,Aviemore,0.3,1987,21.87408257,21.74793688,12.93266296,348.4817505,0.438505997,22.55863803,,,,,,,,
238,Aviemore,0.3,1988,22.24575233,21.76334519,12.49815369,351.0187988,0.449403549,23.29802704,,,,,,,,
239,Aviemore,0.3,1989,21.45997238,21.74906879,14.23371887,352.6577454,0.547137238,21.92878552,,,,,,,,
240,Aviemore,0.3,1990,21.63055038,21.78116035,13.62332153,353.8455505,0.508082809,22.0345094,,,,,,,,
241,Aviemore,0.3,1991,21.86214542,21.69464631,14.36668396,355.1500854,0.493018356,22.13980322,,,,,,,,
242,Aviemore,0.3,1992,21.89688683,21.72130712,12.55569458,355.8583374,0.501756149,21.92901139,,,,,,,,
243,Aviemore,0.3,1993,21.76249599,21.86627748,12.35131836,356.565155,0.447169937,22.45558349,,,,,,,,
244,Aviemore,0.3,1994,21.53825092,21.75210381,13.66644287,358.0736389,0.489357422,22.14025942,,,,,,,,
245,Aviemore,0.3,1995,21.30635071,21.80744139,14.95748901,359.8971252,0.582887207,19.9344087,,,,,,,,
246,Aviemore,0.3,1996,21.65361404,21.89271768,13.37541199,361.6521912,0.496011002,21.30003294,,,,,,,,
247,Aviemore,0.3,1997,22.01229095,22.22167905,14.74584961,362.7540283,0.528469971,20.77523847,,,,,,,,
248,Aviemore,0.3,1998,22.0839901,22.16622882,12.7171936,365.3913879,0.481193634,22.24901585,,,,,,,,
249,Aviemore,0.3,1999,21.65926552,21.99482526,13.47979736,367.4978638,0.533895126,21.09218179,,,,,,,,
250,Aviemore,0.3,2000,21.97591877,21.78687255,13.1491394,368.7028198,0.490088364,20.88200484,,,,,,,,
251,Aviemore,0.3,2001,22.19276142,21.6733515,13.17193604,370.2720642,0.484134033,21.61822564,,,,,,,,
252,Aviemore,0.3,2002,22.2456274,21.78165966,13.33557129,372.2810974,0.475723343,21.93488564,,,,,,,,
253,Aviemore,0.3,2003,21.52134514,21.83602937,15.24769592,374.8222046,0.584002991,20.46380509,,,,,,,,
254,Aviemore,0.3,2004,22.08808899,21.90551355,13.94985962,376.6405029,0.505325806,22.46345436,,,,,,,,
255,Aviemore,0.3,2005,21.57206821,21.90137058,13.9032135,378.6688843,0.520469925,22.25314368,,,,,,,,
256,Aviemore,0.3,2006,21.76210499,21.97552639,15.07928467,380.7958679,0.568854614,20.67574382,,,,,,,,
257,Aviemore,0.3,2007,22.10330105,22.01862197,13.39819336,382.5254822,0.47926178,21.30683281,,,,,,,,
258,Aviemore,0.3,2008,22.22889423,22.03449217,14.22642517,384.6410522,0.47203479,20.88673399,,,,,,,,
259,Aviemore,0.3,2009,22.40135288,21.84438027,14.14204407,386.1344604,0.53451474,20.4667531,,,,,,,,
260,Aviemore,0.3,2010,22.20470715,21.86949327,13.31564331,388.4158936,0.507157578,21.0976112,,,,,,,,
261,Aviemore,0.3,2011,21.91112995,21.87776226,13.0418396,390.2927551,0.489364975,20.25761847,,,,,,,,
262,Aviemore,0.3,2012,22.18215656,21.92213843,13.48445129,392.3015747,0.478507126,20.67829757,,,,,,,,
263,Aviemore,0.3,2013,21.69521236,21.67617427,15.13392639,395.0367432,0.526689423,NA,,,,,,,,
264,Aviemore,0.3,2014,21.97136497,21.76560158,14.01153564,396.9614868,0.55052005,NA,,,,,,,,
265,Aviemore,0.3,2015,21.94977474,21.82905176,12.93496704,399.2627258,0.487710068,NA,,,,,,,,
266,Aviemore,0.3,2016,22.15121078,21.97541014,13.66525269,402.696991,0.492559326,NA,,,,,,,,
267,Lan-las,0.111,1979,21.11459446,21.26976172,16.11860657,338.6653442,0.443646255,21.28018254,,,,,,,,
268,Lan-las,0.111,1980,21.25486469,21.30904187,15.78625488,338.6653442,0.375705032,21.3843277,,,,,,,,
269,Lan-las,0.111,1981,21.12626743,21.17937395,16.5489502,339.8708801,0.398602814,20.89243014,,,,,,,,
270,Lan-las,0.111,1982,21.01288795,21.24050405,16.64172363,340.6261902,0.428306091,20.97825495,,,,,,,,
271,Lan-las,0.111,1983,20.88278294,21.18903277,19.63684082,342.3104248,0.61620694,19.93488209,,,,,,,,
272,Lan-las,0.111,1984,20.8964262,21.11960369,18.05970764,343.8530579,0.57387439,19.36826011,,,,,,,,
273,Lan-las,0.111,1985,21.4780674,21.05648062,15.47970581,345.3340759,0.34767337,20.75914127,,,,,,,,
274,Lan-las,0.111,1986,21.18771744,21.13408979,15.00558472,346.7363281,0.378992508,21.00117879,,,,,,,,
275,Lan-las,0.111,1987,21.08297539,21.21554216,16.30033875,348.4817505,0.430876038,20.54105375,,,,,,,,
276,Lan-las,0.111,1988,21.3874445,21.16025776,15.18733215,351.0187988,0.390004807,20.90510061,,,,,,,,
277,Lan-las,0.111,1989,20.76214218,21.0755202,18.01112366,352.6577454,0.594848877,19.80244073,,,,,,,,
278,Lan-las,0.111,1990,20.88118744,21.14572663,18.19116211,353.8455505,0.567846008,19.41361574,,,,,,,,
279,Lan-las,0.111,1991,21.30226421,21.07229794,17.06629944,355.1500854,0.441948761,20.23620154,,,,,,,,
280,Lan-las,0.111,1992,21.28895473,21.24729527,15.79017639,355.8583374,0.405995224,21.0393272,,,,,,,,
281,Lan-las,0.111,1993,21.06674671,21.22452068,15.25488281,356.565155,0.396538681,20.92009361,,,,,,,,
282,Lan-las,0.111,1994,21.06598377,21.26439328,16.35227966,358.0736389,0.488399261,20.2870133,,,,,,,,
283,Lan-las,0.111,1995,20.57416821,21.43848006,19.79798889,359.8971252,0.704917358,19.10381988,,,,,,,,
284,Lan-las,0.111,1996,21.04965591,21.26928923,16.44416809,361.6521912,0.510435349,20.28627241,,,,,,,,
285,Lan-las,0.111,1997,21.51852798,21.43141185,17.6421814,362.7540283,0.481985886,20.63381111,,,,,,,,
286,Lan-las,0.111,1998,21.13173866,21.35073164,15.73770142,365.3913879,0.41460994,21.18917979,,,,,,,,
287,Lan-las,0.111,1999,21.0962801,21.23561192,17.34086609,367.4978638,0.499229004,20.4485041,,,,,,,,
288,Lan-las,0.111,2000,21.33830452,21.14675935,16.48783875,368.7028198,0.463691544,20.78578651,,,,,,,,
289,Lan-las,0.111,2001,21.41979218,21.15555339,16.14831543,370.2720642,0.453869751,21.68881943,,,,,,,,
290,Lan-las,0.111,2002,21.42182922,21.33462122,15.71228027,372.2810974,0.399861923,20.91719892,,,,,,,,
291,Lan-las,0.111,2003,21.08880329,21.27088875,17.93232727,374.8222046,0.525485458,20.16752319,,,,,,,,
292,Lan-las,0.111,2004,21.35967255,21.37721697,16.81413269,376.6405029,0.424932846,20.76062544,,,,,,,,
293,Lan-las,0.111,2005,21.10935211,21.19277223,17.13182068,378.6688843,0.467206284,20.88680196,,,,,,,,
294,Lan-las,0.111,2006,20.98534775,21.32002576,18.40438843,380.7958679,0.590597183,20.04837881,,,,,,,,
295,Lan-las,0.111,2007,21.42567444,21.30465221,15.68624878,382.5254822,0.4036492,21.43880895,,,,,,,,
296,Lan-las,0.111,2008,21.77684498,21.25251558,16.71885681,384.6410522,0.37852803,21.79573453,,,,,,,,
297,Lan-las,0.111,2009,21.70440292,21.05770906,16.4223938,386.1344604,0.409978058,20.72043465,,,,,,,,
298,Lan-las,0.111,2010,21.3160429,21.08766524,16.335495,388.4158936,0.440259659,21.2032538,,,,,,,,
299,Lan-las,0.111,2011,21.01328564,21.16689491,15.87860107,390.2927551,0.435134171,NA,,,,,,,,
300,Lan-las,0.111,2012,21.69137383,21.23534828,16.48704529,392.3015747,0.394891388,NA,,,,,,,,
301,Lan-las,0.111,2013,21.09884453,21.10400634,18.1403656,395.0367432,0.552908173,NA,,,,,,,,
302,Lan-las,0.111,2014,20.98717022,21.15199852,17.15776062,396.9614868,0.522279114,NA,,,,,,,,
303,Lan-las,0.111,2015,21.27693176,21.32982593,16.2464447,399.2627258,0.417590958,NA,,,,,,,,
304,Lan-las,0.111,2016,21.47453403,21.40965483,17.10552979,402.696991,0.458314102,NA,,,,,,,,
305,Tweed,0.19,1979,21.31293583,21.61056244,13.80229187,338.6653442,0.45005275,21.99562778,,,,,,,,
306,Tweed,0.19,1980,21.54109573,21.44244707,13.53385925,338.6653442,0.416366074,22.28005484,,,,,,,,
307,Tweed,0.19,1981,21.33433247,21.34505653,14.61804199,339.8708801,0.511844406,21.39370702,,,,,,,,
308,Tweed,0.19,1982,21.32159519,21.43797874,14.8452301,340.6261902,0.4925327,21.98350272,,,,,,,,
309,Tweed,0.19,1983,21.30816841,21.43292165,16.34643555,342.3104248,0.647042511,21.09940019,,,,,,,,
310,Tweed,0.19,1984,21.0006876,21.44237971,15.67555237,343.8530579,0.615637238,20.79175718,,,,,,,,
311,Tweed,0.19,1985,21.87599754,21.42407155,13.41290283,345.3340759,0.418728058,22.56462658,,,,,,,,
312,Tweed,0.19,1986,21.23985863,21.37518895,13.01141357,346.7363281,0.443912201,22.6388167,,,,,,,,
313,Tweed,0.19,1987,21.33793449,21.47758985,14.18009949,348.4817505,0.481173019,22.32426514,,,,,,,,
314,Tweed,0.19,1988,21.70612049,21.46996939,13.78445435,351.0187988,0.417651855,23.12816801,,,,,,,,
315,Tweed,0.19,1989,20.96719837,21.3101784,15.53395081,352.6577454,0.600500946,21.3284724,,,,,,,,
316,Tweed,0.19,1990,21.12776089,21.55405378,15.36451721,353.8455505,0.564071564,21.57322488,,,,,,,,
317,Tweed,0.19,1991,21.53085518,21.57280219,15.7645874,355.1500854,0.491800842,22.16854362,,,,,,,,
318,Tweed,0.19,1992,21.28255558,21.53360212,13.7157135,355.8583374,0.492075623,21.78283751,,,,,,,,
319,Tweed,0.19,1993,21.30389595,21.562042,13.12904358,356.565155,0.484706955,22.45227358,,,,,,,,
320,Tweed,0.19,1994,21.26871872,21.43190908,14.85388184,358.0736389,0.497790359,21.87338798,,,,,,,,
321,Tweed,0.19,1995,21.00704193,21.5436635,16.83312988,359.8971252,0.690075806,21.22823367,,,,,,,,
322,Tweed,0.19,1996,21.25930023,21.6013068,15.14295959,361.6521912,0.538009399,22.01758208,,,,,,,,
323,Tweed,0.19,1997,21.71190357,21.87628829,16.03843689,362.7540283,0.545057053,22.80390588,,,,,,,,
324,Tweed,0.19,1998,21.56435585,21.82990575,14.17112732,365.3913879,0.469359604,23.23348848,,,,,,,,
325,Tweed,0.19,1999,21.39491653,21.71193182,15.04188538,367.4978638,0.537669678,22.64120807,,,,,,,,
326,Tweed,0.19,2000,21.54725266,21.50178134,14.5189209,368.7028198,0.506162323,22.49405494,,,,,,,,
327,Tweed,0.19,2001,21.80528259,21.4123739,14.51741028,370.2720642,0.504414276,22.60459088,,,,,,,,
328,Tweed,0.19,2002,21.99404907,21.66242719,14.78399658,372.2810974,0.44602034,22.60526677,,,,,,,,
329,Tweed,0.19,2003,21.32753658,21.67845809,16.27282715,374.8222046,0.59985434,22.00182554,,,,,,,,
330,Tweed,0.19,2004,21.75717449,21.65392339,15.38287354,376.6405029,0.500335846,22.69826174,,,,,,,,
331,Tweed,0.19,2005,21.26417732,21.5731796,15.21961975,378.6688843,0.531152557,22.18819454,,,,,,,,
332,Tweed,0.19,2006,21.36306572,21.68138731,16.24612427,380.7958679,0.598905838,21.79121789,,,,,,,,
333,Tweed,0.19,2007,21.69454765,21.72772193,14.35766602,382.5254822,0.479467484,22.72927555,,,,,,,,
334,Tweed,0.19,2008,22.16689968,21.71776664,15.30690002,384.6410522,0.451309921,23.18344389,,,,,,,,
335,Tweed,0.19,2009,21.97863293,21.42117465,15.40713501,386.1344604,0.519020294,22.25552173,,,,,,,,
336,Tweed,0.19,2010,21.84678936,21.51599622,14.35510254,388.4158936,0.512685898,NA,,,,,,,,
337,Tweed,0.19,2011,21.64199734,21.60471833,14.07955933,390.2927551,0.473111038,NA,,,,,,,,
338,Tweed,0.19,2012,22.1622448,21.56132698,14.53320313,392.3015747,0.45802626,NA,,,,,,,,
339,Tweed,0.19,2013,21.65671539,21.36332822,16.43243408,395.0367432,0.565347015,NA,,,,,,,,
340,Tweed,0.19,2014,21.56013966,21.50409698,14.99043274,396.9614868,0.553426178,NA,,,,,,,,
341,Tweed,0.19,2015,21.56348705,21.61778963,14.14680481,399.2627258,0.487850296,NA,,,,,,,,
342,Tweed,0.19,2016,21.79149723,21.72703636,15.05238342,402.696991,0.526149872,NA,,,,,,,,
343,Mapledurham,0.07,1979,21.11300564,21.16256523,16.33718872,338.6653442,0.612972412,19.89898407,,,,,,,,
344,Mapledurham,0.07,1980,21.55275726,21.25726435,15.94602966,338.6653442,0.528722031,20.63742389,,,,,,,,
345,Mapledurham,0.07,1981,21.31233215,21.17019251,17.05436707,339.8708801,0.636273407,20.73480351,,,,,,,,
346,Mapledurham,0.07,1982,21.24697018,21.32525751,17.13038635,340.6261902,0.601059662,20.27324864,,,,,,,,
347,Mapledurham,0.07,1983,21.07571888,21.15357516,19.96182251,342.3104248,0.907289398,19.6870584,,,,,,,,
348,Mapledurham,0.07,1984,20.97694397,21.08706485,18.06669617,343.8530579,0.803505066,19.35579116,,,,,,,,
349,Mapledurham,0.07,1985,21.31407928,21.0195393,16.19415283,345.3340759,0.583530487,20.28993179,,,,,,,,
350,Mapledurham,0.07,1986,21.22992134,21.03069825,16.14215088,346.7363281,0.564911041,19.95654699,,,,,,,,
351,Mapledurham,0.07,1987,21.03455448,21.14810011,16.96424866,348.4817505,0.650367401,20.02504,,,,,,,,
352,Mapledurham,0.07,1988,21.40128899,21.11998452,15.76345825,351.0187988,0.578356415,20.2598779,,,,,,,,
353,Mapledurham,0.07,1989,20.55382824,20.98664326,18.91926575,352.6577454,0.924028992,18.89356918,,,,,,,,
354,Mapledurham,0.07,1990,20.50439358,21.02396509,18.96681213,353.8455505,0.980208344,19.3439599,,,,,,,,
355,Mapledurham,0.07,1991,21.20494747,20.97374249,17.82122803,355.1500854,0.709710999,19.46787189,,,,,,,,
356,Mapledurham,0.07,1992,21.51768589,21.16082689,16.91461182,355.8583374,0.576184906,19.67244898,,,,,,,,
357,Mapledurham,0.07,1993,21.00401402,21.07660272,16.0146637,356.565155,0.609013397,19.8991307,,,,,,,,
358,Mapledurham,0.07,1994,21.04265499,21.07830726,18.25775146,358.0736389,0.749327423,19.33355764,,,,,,,,
359,Mapledurham,0.07,1995,20.46002197,21.34686364,20.72590637,359.8971252,1.0487211,19.88565733,,,,,,,,
360,Mapledurham,0.07,1996,20.97461605,21.21786202,17.48217773,361.6521912,0.823358734,19.7060722,,,,,,,,
361,Mapledurham,0.07,1997,21.68214607,21.31752396,18.63224792,362.7540283,0.795325897,19.79366271,,,,,,,,
362,Mapledurham,0.07,1998,20.99629116,21.12836859,16.80162048,365.3913879,0.738734772,20.11695928,,,,,,,,
363,Mapledurham,0.07,1999,21.2993021,21.0768457,17.91868591,367.4978638,0.798242828,19.73239585,,,,,,,,
364,Mapledurham,0.07,2000,21.3767643,21.0548332,17.01403809,368.7028198,0.705783112,20.21493035,,,,,,,,
365,Mapledurham,0.07,2001,21.35596848,21.08590804,17.73942566,370.2720642,0.713214935,19.71685661,,,,,,,,
366,Mapledurham,0.07,2002,21.57954884,21.27357515,16.93589783,372.2810974,0.643572876,19.94192414,,,,,,,,
367,Mapledurham,0.07,2003,20.90759277,21.29942693,18.97702026,374.8222046,0.861165985,19.32692265,,,,,,,,
368,Mapledurham,0.07,2004,21.39846039,21.30105909,17.59771729,376.6405029,0.718821289,19.54344615,,,,,,,,
369,Mapledurham,0.07,2005,21.15854836,21.08431286,17.61923218,378.6688843,0.75846048,19.3600428,,,,,,,,
370,Mapledurham,0.07,2006,20.93482399,21.223764,19.25218201,380.7958679,0.875337402,19.25278736,,,,,,,,
371,Mapledurham,0.07,2007,21.40894985,21.19861931,16.25308228,382.5254822,0.645681549,NA,,,,,,,,
372,Mapledurham,0.07,2008,21.70019913,21.18853029,16.914505,384.6410522,0.741122589,NA,,,,,,,,
373,Mapledurham,0.07,2009,21.56365395,20.94089572,17.42172241,386.1344604,0.746064697,NA,,,,,,,,
374,Mapledurham,0.07,2010,21.30086136,20.99745931,17.81919861,388.4158936,0.792561798,NA,,,,,,,,
375,Mapledurham,0.07,2011,21.17949677,21.10466925,16.19332886,390.2927551,0.736357025,NA,,,,,,,,
376,Mapledurham,0.07,2012,21.76442051,21.12344954,16.71868896,392.3015747,0.702876831,NA,,,,,,,,
377,Mapledurham,0.07,2013,21.05128956,20.83020284,18.92527771,395.0367432,0.905252258,NA,,,,,,,,
378,Mapledurham,0.07,2014,21.12467194,20.83230389,17.86579895,396.9614868,0.783332581,NA,,,,,,,,
379,Mapledurham,0.07,2015,21.3753767,21.0655578,17.46107483,399.2627258,0.747182617,NA,,,,,,,,
380,Mapledurham,0.07,2016,21.28602314,21.22416507,18.1240387,402.696991,0.76049881,NA,,,,,,,,
381,Woburn,0.15,1979,21.01344299,21.12798394,16.79203796,338.6653442,0.611358063,18.49305228,,,,,,,,
382,Woburn,0.15,1980,21.53624916,21.27280331,16.22915649,338.6653442,0.57780368,19.52928365,,,,,,,,
383,Woburn,0.15,1981,21.25799561,21.16608577,17.45939636,339.8708801,0.694256165,18.81814262,,,,,,,,
384,Woburn,0.15,1982,21.24147034,21.33289581,17.55821228,340.6261902,0.690682831,19.32104155,,,,,,,,
385,Woburn,0.15,1983,21.08597279,21.14417807,20.44624329,342.3104248,0.924478455,18.75673733,,,,,,,,
386,Woburn,0.15,1984,20.85658646,21.08776644,19.12368774,343.8530579,0.873566437,19.16539137,,,,,,,,
387,Woburn,0.15,1985,21.2264204,21.04555734,16.67169189,345.3340759,0.638654846,20.41257044,,,,,,,,
388,Woburn,0.15,1986,21.06791973,21.03064018,16.68409729,346.7363281,0.620083282,19.64733446,,,,,,,,
389,Woburn,0.15,1987,21.16345501,21.12873141,17.13285828,348.4817505,0.654782623,20.25602797,,,,,,,,
390,Woburn,0.15,1988,21.29595947,21.11042606,16.35281372,351.0187988,0.630781891,19.82711659,,,,,,,,
391,Woburn,0.15,1989,20.57471943,21.00421535,19.47843933,352.6577454,0.91013147,18.87489987,,,,,,,,
392,Woburn,0.15,1990,20.5479393,21.08174992,19.81968689,353.8455505,0.971790527,18.23742521,,,,,,,,
393,Woburn,0.15,1991,21.12442684,21.0129758,18.6441803,355.1500854,0.756156738,18.88575096,,,,,,,,
394,Woburn,0.15,1992,21.51854134,21.18810495,17.40457153,355.8583374,0.605595337,20.15320549,,,,,,,,
395,Woburn,0.15,1993,21.00902462,21.15221341,16.59036255,356.565155,0.647956177,19.55565603,,,,,,,,
396,Woburn,0.15,1994,20.91546345,21.08657816,18.98928833,358.0736389,0.783440399,18.75012836,,,,,,,,
397,Woburn,0.15,1995,20.48025799,21.2946896,21.2386322,359.8971252,1.094287781,18.60446014,,,,,,,,
398,Woburn,0.15,1996,21.00328827,21.19027064,18.17106628,361.6521912,0.855038696,19.03402087,,,,,,,,
399,Woburn,0.15,1997,21.53806686,21.27995714,19.34895325,362.7540283,0.836449005,19.33826552,,,,,,,,
400,Woburn,0.15,1998,20.9937706,21.06535,17.13082886,365.3913879,0.744847137,19.65359511,,,,,,,,
401,Woburn,0.15,1999,21.33124542,21.07859103,18.41394043,367.4978638,0.829156952,19.55987707,,,,,,,,
402,Woburn,0.15,2000,21.3834486,21.02741337,17.34992981,368.7028198,0.717110229,19.29795717,,,,,,,,
403,Woburn,0.15,2001,21.36683941,21.08161736,18.21549988,370.2720642,0.752513062,19.29815547,,,,,,,,
404,Woburn,0.15,2002,21.66973972,21.26902114,17.45559692,372.2810974,0.679046997,19.12091073,,,,,,,,
405,Woburn,0.15,2003,20.81612587,21.30895456,19.32661438,374.8222046,0.905599487,19.00652386,,,,,,,,
406,Woburn,0.15,2004,21.41968346,21.35904884,18.15725708,376.6405029,0.738704926,NA,,,,,,,,
407,Woburn,0.15,2005,21.14424515,21.14387205,18.12704468,378.6688843,0.775087555,NA,,,,,,,,
408,Woburn,0.15,2006,20.93521118,21.20731099,19.58763123,380.7958679,0.895819275,NA,,,,,,,,
409,Woburn,0.15,2007,21.37982178,21.18466028,17.00817871,382.5254822,0.681064117,NA,,,,,,,,
410,Woburn,0.15,2008,21.60945892,21.19893689,17.50852966,384.6410522,0.763746094,NA,,,,,,,,
411,Woburn,0.15,2009,21.46719646,20.99740781,17.86709595,386.1344604,0.780619476,NA,,,,,,,,
412,Woburn,0.15,2010,21.17561054,21.05809095,18.41844177,388.4158936,0.805076904,NA,,,,,,,,
413,Woburn,0.15,2011,21.10114956,21.17475997,16.83317566,390.2927551,0.763473297,NA,,,,,,,,
414,Woburn,0.15,2012,21.66838646,21.13271946,17.42955017,392.3015747,0.727000641,NA,,,,,,,,
415,Woburn,0.15,2013,21.02599621,20.8122495,19.5675354,395.0367432,0.93885614,NA,,,,,,,,
416,Woburn,0.15,2014,21.15555096,20.82911799,18.4813385,396.9614868,0.800580841,NA,,,,,,,,
417,Woburn,0.15,2015,21.23720837,21.05089145,17.93241882,399.2627258,0.788210541,NA,,,,,,,,
418,Woburn,0.15,2016,21.20505047,21.19868151,18.63156128,402.696991,0.788568298,NA,,,,,,,,
419,Lochwood,0.175,1979,21.4666605,21.57198185,13.70295715,338.6653442,0.450989548,21.64683986,,,,,,,,
420,Lochwood,0.175,1980,21.54524422,21.46043735,13.60011292,338.6653442,0.424491959,21.04289549,,,,,,,,
421,Lochwood,0.175,1981,21.4961729,21.31488143,14.49220276,339.8708801,0.476153473,21.03093887,,,,,,,,
422,Lochwood,0.175,1982,21.24016762,21.38211324,14.74565125,340.6261902,0.464119476,20.90659007,,,,,,,,
423,Lochwood,0.175,1983,21.15939903,21.38565975,16.80830383,342.3104248,0.622115509,20.29757994,,,,,,,,
424,Lochwood,0.175,1984,20.81935692,21.44142882,16.14685059,343.8530579,0.657130859,19.8336677,,,,,,,,
425,Lochwood,0.175,1985,22.02226925,21.44883219,13.35932922,345.3340759,0.400787048,20.97112072,,,,,,,,
426,Lochwood,0.175,1986,21.18956757,21.37223784,12.75883484,346.7363281,0.405651443,20.4138297,,,,,,,,
427,Lochwood,0.175,1987,21.32737923,21.46386549,14.36334229,348.4817505,0.447994293,20.60338257,,,,,,,,
428,Lochwood,0.175,1988,21.78322506,21.41253387,13.38842773,351.0187988,0.403916931,22.03630588,,,,,,,,
429,Lochwood,0.175,1989,20.98302937,21.27391275,15.4364624,352.6577454,0.570663956,20.81845737,,,,,,,,
430,Lochwood,0.175,1990,21.2712307,21.44780212,15.17907715,353.8455505,0.53457959,21.52729729,,,,,,,,
431,Lochwood,0.175,1991,21.58479309,21.4564956,15.6756897,355.1500854,0.46667627,21.22867765,,,,,,,,
432,Lochwood,0.175,1992,21.29047775,21.52691534,13.48231506,355.8583374,0.478545868,20.85858513,,,,,,,,
433,Lochwood,0.175,1993,21.41136646,21.49030643,12.93684387,356.565155,0.451272659,21.63436786,,,,,,,,
434,Lochwood,0.175,1994,21.3008585,21.41877916,14.41273499,358.0736389,0.47320784,22.71872143,,,,,,,,
435,Lochwood,0.175,1995,20.91775799,21.51192347,16.71917725,359.8971252,0.667558105,21.45815808,,,,,,,,
436,Lochwood,0.175,1996,21.25858593,21.43208302,15.0302124,361.6521912,0.529960022,21.58188925,,,,,,,,
437,Lochwood,0.175,1997,21.64209366,21.77282757,16.05906677,362.7540283,0.541169373,21.19871076,,,,,,,,
438,Lochwood,0.175,1998,21.72171974,21.79921341,14.11480713,365.3913879,0.463112961,21.72361334,,,,,,,,
439,Lochwood,0.175,1999,21.33129597,21.72576449,15.08067322,367.4978638,0.531668213,21.48018548,,,,,,,,
440,Lochwood,0.175,2000,21.57166958,21.43971909,14.67024231,368.7028198,0.494801666,21.75585768,,,,,,,,
441,Lochwood,0.175,2001,21.6857357,21.33121745,14.47229004,370.2720642,0.471634796,22.18883386,,,,,,,,
442,Lochwood,0.175,2002,21.84522438,21.52886285,14.93711853,372.2810974,0.426085907,21.42343727,,,,,,,,
443,Lochwood,0.175,2003,21.28583145,21.62227217,16.12677002,374.8222046,0.579945404,20.46905464,,,,,,,,
444,Lochwood,0.175,2004,21.77571583,21.66592269,15.41239929,376.6405029,0.485031906,NA,,,,,,,,
445,Lochwood,0.175,2005,21.29131222,21.49231052,15.24093628,378.6688843,0.521863815,NA,,,,,,,,
446,Lochwood,0.175,2006,21.43593025,21.60200416,16.2137146,380.7958679,0.599402115,NA,,,,,,,,
447,Lochwood,0.175,2007,21.72465229,21.66625637,14.39901733,382.5254822,0.464524277,NA,,,,,,,,
448,Lochwood,0.175,2008,22.21022987,21.62372854,15.44046021,384.6410522,0.438141953,NA,,,,,,,,
449,Lochwood,0.175,2009,22.06871796,21.3854226,15.27928162,386.1344604,0.500282669,NA,,,,,,,,
450,Lochwood,0.175,2010,21.84863091,21.42820782,14.2709198,388.4158936,0.503413391,NA,,,,,,,,
451,Lochwood,0.175,2011,21.56283188,21.44157219,14.13566589,390.2927551,0.481870834,NA,,,,,,,,
452,Lochwood,0.175,2012,22.14040089,21.52509107,14.69606018,392.3015747,0.449913712,NA,,,,,,,,
453,Lochwood,0.175,2013,21.65467262,21.36344094,16.44197083,395.0367432,0.559374084,NA,,,,,,,,
454,Lochwood,0.175,2014,21.45998573,21.43972694,14.84460449,396.9614868,0.554605194,NA,,,,,,,,
455,Lochwood,0.175,2015,21.51192284,21.54615116,14.10174561,399.2627258,0.470428696,NA,,,,,,,,
456,Lochwood,0.175,2016,21.86398125,21.70934306,14.98890686,402.696991,0.501797791,NA,,,,,,,,